case_id,item,split,cv_fold,source_file,fault_trans,poro_mult,perm_mult,aquifer_pv,fault_trans_s,poro_mult_s,perm_mult_s,aquifer_pv_s
1,Case 1,train,1,03 Train Cases 1.xlsx,0.0523505355998413,1.08230719931639,3.04734641560106,68.3523056733909,0.0157332326581533,0.40572303707435,0.279975937748627,0.0987055777830077
2,Case 2,train,3,03 Train Cases 1.xlsx,0.0894555497909482,1.22939115573595,6.35406659138768,119.991454817347,0.389926873707364,0.618024277682409,0.648846370287001,0.452683768729898
3,Case 3,train,2,03 Train Cases 1.xlsx,0.127971129490036,0.885780816064943,1.48099307229835,198.958098086489,0.778345671514399,0.122056510879731,0.105246476367894,0.993987604926644
4,Case 4,train,2,03 Train Cases 1.xlsx,0.145503402813807,1.36413586840419,8.60249946592609,158.106936857204,0.955153721151641,0.812515032222921,0.899662999113838,0.713959362987369
5,Case 5,train,0,03 Train Cases 1.xlsx,0.111200292977691,0.949401837214271,5.39815210425123,136.151463362529,0.60921649814517,0.213887204366283,0.542212433456879,0.563458068565149
6,Case 6,train,1,03 Train Cases 1.xlsx,0.0576906643879513,1.35843836787011,2.46845149082919,119.76531266213,0.0695869308295857,0.804291249961449,0.215399194043946,0.451133600062762
7,Case 7,train,1,03 Train Cases 1.xlsx,0.131243324076052,1.2180196539201,5.20216223639637,116.384624774926,0.811344834378385,0.601610632021456,0.520349420112678,0.427959519887031
8,Case 8,train,2,03 Train Cases 1.xlsx,0.0507904293954283,1.027024140141,8.24478896450697,168.784142582476,0.0,0.325927372521616,0.8597597655871,0.787149917627673
9,Case 9,train,4,03 Train Cases 1.xlsx,0.0706534012878811,0.875977355265969,7.99559770500809,111.122470778527,0.200312489740981,0.1079061783721,0.831962043738964,0.39188828744018
10,Case 10,train,3,03 Train Cases 1.xlsx,0.106141850032044,1.25328989532151,1.77219458601642,134.599597155675,0.558203522537011,0.652519760306703,0.137730515721318,0.552820271436416
11,Case 11,train,1,03 Train Cases 1.xlsx,0.124999847407453,1.35378337961974,7.33772698141423,188.082216864528,0.748381126686587,0.797572231758332,0.75857541122517,0.919435161214399
12,Case 12,train,3,03 Train Cases 1.xlsx,0.0992184209723197,1.49402691732536,0.537516403698843,114.921109653005,0.488382686057582,1.0,0.0,0.417927355456188
13,Case 13,train,1,03 Train Cases 1.xlsx,0.0885113071077609,0.961939756462294,2.53823664052248,59.9392681661428,0.380404451593842,0.231984458994151,0.223183849830853,0.0410355377735942
14,Case 14,train,4,03 Train Cases 1.xlsx,0.0655180516983551,1.11374919888913,8.94391613513596,98.4585100863674,0.148523932241227,0.451106474391263,0.937748627093319,0.305078842080489
15,Case 15,train,3,03 Train Cases 1.xlsx,0.147644581438643,0.877167271950438,5.82837305825984,166.641743217261,0.976746905879655,0.109623706200985,0.590204335086256,0.772464109202161
16,Case 16,train,1,03 Train Cases 1.xlsx,0.0951902829065829,1.17925656910916,0.996005127109592,188.115634632405,0.447760045632121,0.545659927434184,0.0511452208617133,0.919664234721896
17,Case 17,train,1,03 Train Cases 1.xlsx,0.147764213995788,1.45295236060671,2.25608081301309,55.3793450727866,0.977953366599911,0.940712912807968,0.191708872631776,0.00977798697732789
18,Case 18,train,1,03 Train Cases 1.xlsx,0.122454908902249,0.993836787011322,8.05723593859676,79.682760093997,0.722716137027673,0.278024688820136,0.838837896752243,0.176374048795795
19,Case 19,train,2,03 Train Cases 1.xlsx,0.101141392254402,1.23684041871395,8.76361125522629,82.9943235572375,0.507775311053476,0.628776556927155,0.917635301651369,0.199074291990272
20,Case 20,train,2,03 Train Cases 1.xlsx,0.0618176824243904,1.3611471907712,5.078479873043,123.38267159032,0.111206747972818,0.80820116968681,0.506552435656117,0.475930022750453
21,Case 21,train,3,04 Train Cases 2.xlsx,0.119537339396344,1.14237128818629,6.46632587664418,101.786095767083,0.693293268441616,0.492419648271686,0.661369090356341,0.327888915038834
22,Case 22,train,4,04 Train Cases 2.xlsx,0.132267830439161,1.06896176030763,2.67699514755699,128.751487777337,0.821676693148613,0.386460207007846,0.23866260454466,0.512732407625323
23,Case 23,train,1,04 Train Cases 2.xlsx,0.0560118411816767,0.815381328775903,4.2828073976867,181.183965575121,0.0526564705689246,0.0204417674810627,0.417793776156379,0.872148740880203
24,Case 24,train,3,04 Train Cases 2.xlsx,0.0751567125461592,1.29166203802606,5.74562822351756,141.832941679128,0.245727118282394,0.707906178372094,0.580974003712831,0.602403702832035
25,Case 25,train,2,04 Train Cases 2.xlsx,0.0830329294717246,0.898807947019868,9.26060213019196,159.751731925413,0.325156552641082,0.140859894543175,0.973075505016204,0.725234172746528
26,Case 26,train,1,04 Train Cases 2.xlsx,0.0980382702108829,1.3464067506943,1.94301889095737,53.9529099398785,0.476481197268639,0.786924792632415,0.156786266405346,0.0
27,Case 27,train,4,04 Train Cases 2.xlsx,0.138125553147984,1.19227088229011,5.20859859004486,159.629047517319,0.880750180558745,0.564444809900196,0.52106740664558,0.724393190554637
28,Case 28,train,0,04 Train Cases 2.xlsx,0.0558561967833491,0.928000427259133,3.02612384411145,123.567155980102,0.051086840550212,0.182996371709614,0.277608522694196,0.477194634031536
29,Case 29,train,0,04 Train Cases 2.xlsx,0.123877376628925,0.9947233497116,3.85644245735038,150.682699056978,0.737061324316335,0.279304354976307,0.370232019612028,0.663067388405113
30,Case 30,train,0,04 Train Cases 2.xlsx,0.105603503524888,1.01619953001495,9.41527756584368,194.562517166662,0.552774449295823,0.310303111284696,0.990329821020834,0.963856593708324
31,Case 31,train,4,04 Train Cases 2.xlsx,0.119768669698172,1.43167271950438,7.76896267586291,78.7017426068911,0.69562616952825,0.909997841526963,0.806680508929553,0.169649329253942
32,Case 32,train,4,04 Train Cases 2.xlsx,0.144100466933195,1.22599230933561,8.25342875453963,97.0732749412519,0.941005507041792,0.613118376828273,0.860723549311445,0.295583274495959
33,Case 33,train,1,04 Train Cases 2.xlsx,0.0610483108005005,0.834452040162359,1.3298837244789,127.7082125309,0.103447851350908,0.047968465736811,0.088389963712573,0.505580921001019
34,Case 34,train,4,04 Train Cases 2.xlsx,0.0840983306375317,1.10891262550737,7.13654744102298,181.69713431196,0.335900824004466,0.444125355891088,0.736133480811649,0.875666431317169
35,Case 35,train,3,04 Train Cases 2.xlsx,0.0770903653065584,1.42875881221961,5.70750297555467,90.1104770043031,0.265227462985457,0.905791902642583,0.576721065466141,0.247854397113046
36,Case 36,train,3,04 Train Cases 2.xlsx,0.10080141605884,0.903606067079684,5.28252967925047,181.654560991241,0.504346746659667,0.147785509451028,0.52931454925323,0.875374597944611
37,Case 37,train,1,04 Train Cases 2.xlsx,0.0905343791009247,1.42329844050417,3.31396221808527,123.816187017426,0.400806564131184,0.897910392533742,0.309717397913312,0.478901702361338
38,Case 38,train,2,04 Train Cases 2.xlsx,0.115427716910306,1.191275368511,7.40455488753929,192.124393444624,0.651848880535766,0.563007883565793,0.76603018130777,0.947143641641167
39,Case 39,train,3,04 Train Cases 2.xlsx,0.0580755027924436,0.983144627216407,9.03880886257515,157.67616809595,0.0734679179935,0.262591606623429,0.948334077193255,0.711006511335998
40,Case 40,train,0,04 Train Cases 2.xlsx,0.144336985381634,1.354257637257,4.96132084109012,132.522202215644,0.943390729129051,0.798256776063565,0.493483140253171,0.538580058052875
41,Case 41,train,4,05 Train Cases 3.xlsx,0.0893792535172582,0.833390301217689,0.612491225928526,97.1863460188604,0.389157447227603,0.0464359498823126,0.00836357285622813,0.296358358829528
42,Case 42,train,0,05 Train Cases 3.xlsx,0.128451796014283,1.43571031830805,9.29481337931455,81.9753105258339,0.783193058336894,0.91582571872012,0.976891829830723,0.192089119008394
43,Case 43,train,1,05 Train Cases 3.xlsx,0.136599627674184,1.07317880794702,4.28857692190313,149.594103823969,0.865361650963523,0.392547100965145,0.418437376697132,0.65560524044873
44,Case 44,train,2,05 Train Cases 3.xlsx,0.0771675771355327,1.12169194616535,6.91527603991821,73.2853175450911,0.266006122582975,0.462571049737386,0.711450268112989,0.132520593080725
45,Case 45,train,2,05 Train Cases 3.xlsx,0.0621033356730857,1.24579149754326,2.29646748252815,57.5624866481521,0.114087480713043,0.641696559805119,0.196214076417053,0.024743076802385
46,Case 46,train,2,05 Train Cases 3.xlsx,0.130624612160609,0.977960549740084,2.78411308125045,98.9669484542375,0.805105298578513,0.255108900103812,0.250611797833967,0.30856410658717
47,Case 47,train,4,05 Train Cases 3.xlsx,0.0653453169347209,1.25776401053906,9.50196539201025,112.686239204077,0.146781950691048,0.658977706057086,1.0,0.402607672393502
48,Case 48,train,0,05 Train Cases 3.xlsx,0.143269447920164,1.29291746777754,1.77093824070966,54.2704550309763,0.932624913824239,0.709718267876779,0.137590368199881,0.00217672132004948
49,Case 49,train,3,05 Train Cases 3.xlsx,0.0613872697124139,0.889878231147191,7.52731915239926,104.936979277932,0.106866156724993,0.127970726994275,0.779724750267897,0.349487722601395
50,Case 50,train,0,05 Train Cases 3.xlsx,0.100253201900286,1.35674001281777,7.4587420270394,170.738853114414,0.498818160927089,0.801839841300832,0.772074851713142,0.800549148819329
51,Case 51,train,0,05 Train Cases 3.xlsx,0.120660929186885,1.37125115716015,4.07463098035625,72.7561265907773,0.70462435573356,0.822785252489949,0.394571331854238,0.128893072879893
52,Case 52,train,0,05 Train Cases 3.xlsx,0.108430738242744,1.17411664174322,5.41124708802555,164.953154087954,0.581286316929843,0.538240947261311,0.543673201853397,0.760889098088435
53,Case 53,train,1,05 Train Cases 3.xlsx,0.128113549200924,0.801219112725201,6.4881089714245,89.060335093234,0.779781934276619,0.0,0.663799032766491,0.240655840589942
54,Case 54,train,2,05 Train Cases 3.xlsx,0.0535088147628203,0.898074485508794,8.6954883470158,183.31217383343,0.0274141525228983,0.139801214911964,0.910036071815903,0.886737271514864
55,Case 55,train,4,05 Train Cases 3.xlsx,0.0937277342041281,1.02056967884355,8.84853053376873,199.83520004883,0.433010652966088,0.316610991766964,0.927108196042666,1.0
56,Case 56,train,3,05 Train Cases 3.xlsx,0.0713137201045768,1.14127323221534,5.87974791711173,140.431836909085,0.206971619447819,0.490834712357773,0.595935290655179,0.59279935148139
57,Case 57,train,0,05 Train Cases 3.xlsx,0.111454715618356,1.48247525457523,3.38393098747724,159.138462477493,0.611782278979681,0.983326309730594,0.317522536799505,0.721030307784839
58,Case 58,train,0,05 Train Cases 3.xlsx,0.146119876705222,1.06195969522182,1.48766136661885,133.55327005829,0.961370687108109,0.37635341398485,0.105990336289368,0.545647864857087
59,Case 59,train,0,05 Train Cases 3.xlsx,0.0855029959003469,1.45183507797479,1.11495203507594,127.626575518052,0.350066478447852,0.939100225097897,0.0644139569682426,0.50502131220418
60,Case 60,train,3,05 Train Cases 3.xlsx,0.0812908312224698,1.08776899522894,4.30574053163244,61.6901150547807,0.307587981353206,0.413606602871796,0.420352007451537,0.0530373159697706
61,Case 61,train,0,06 Train Cases 4.xlsx,0.136638182724489,1.10615395570747,2.76031983397931,134.721213415937,0.865750467811299,0.440143487064578,0.247957619389518,0.553653931644047
62,Case 62,train,4,06 Train Cases 4.xlsx,0.100704875840531,1.14719219539984,7.73175552639342,184.5078890347,0.503373165687277,0.499378154197196,0.802529986179298,0.894933709892525
63,Case 63,train,0,06 Train Cases 4.xlsx,0.0942965992207607,1.01452396211636,8.87680796736554,142.429883724479,0.438747496799186,0.307884593641759,0.930262593332859,0.60649564603436
64,Case 64,train,4,06 Train Cases 4.xlsx,0.0584080528173671,1.192975859859,8.4791456851914,76.9505905331584,0.0768215915432855,0.565462375759312,0.88590266862442,0.157645459062263
65,Case 65,train,4,06 Train Cases 4.xlsx,0.0746257922096418,1.29091789503667,2.39634693441572,163.133030182806,0.24037293588523,0.706832081076352,0.207355804371309,0.74841243691326
66,Case 66,train,2,06 Train Cases 4.xlsx,0.0540099286884162,0.876611835077975,3.07894833216346,116.538895840327,0.0324677456419688,0.108821987645312,0.283501186941701,0.429017023613397
67,Case 67,train,0,06 Train Cases 4.xlsx,0.0873284096804712,0.899380474257637,5.02465997294026,61.9006927701651,0.368475263451627,0.141686281362099,0.50054873144932,0.0544807928662954
68,Case 68,train,1,06 Train Cases 4.xlsx,0.116213161615853,0.812935982339956,6.96853541673025,159.755851924192,0.65976986966941,0.0169121501474961,0.717391444964069,0.725262414685806
69,Case 69,train,1,06 Train Cases 4.xlsx,0.149950356557919,1.26574948372855,4.32547481714326,107.333292641987,1.0,0.670503952061343,0.422553401595957,0.365914071284743
70,Case 70,train,1,06 Train Cases 4.xlsx,0.103498540197963,0.986349070711386,5.74406262398144,177.283242286447,0.531546485670198,0.26721690598308,0.580799358339963,0.845409900368714
71,Case 71,validation,4,07  Validation Cases.xlsx,0.0674370555742058,1.47236345510219,0.771641183711254,126.059755241554,0.167876547060176,0.968730920640144,0.0261170296487472,0.494281007295833
72,Case 72,validation,3,07  Validation Cases.xlsx,0.138612730287586,1.44610695720288,6.70087588122196,198.825647755364,0.885663225107514,0.930832245531448,0.687533554550806,0.99307967887869
73,Case 73,validation,4,07  Validation Cases.xlsx,0.0825557217118849,1.35383607491277,1.47494328643656,93.3152256843776,0.32034404648567,0.797648292236693,0.104571612149281,0.26982244188175
74,Case 74,validation,2,07  Validation Cases.xlsx,0.122323374126408,1.3674585202592,3.99148024943795,56.2642292550432,0.72138964577657,0.81731095373672,0.385295722050811,0.0158437279359852
75,Case 75,validation,3,07  Validation Cases.xlsx,0.12621061840673,1.06175745923236,9.53679514959156,88.8222907193213,0.7605914119694,0.376061506203043,1.00388532051738,0.239024084098219
76,Case 76,validation,2,07  Validation Cases.xlsx,0.107852921129999,1.38330698568682,1.64047161269977,182.202215643788,0.575459193723125,0.840186656525268,0.123036587127558,0.879128683873328
77,Case 77,validation,0,07  Validation Cases.xlsx,0.0784977772352265,1.15561774549598,4.66223334452345,196.894436475723,0.279420816782115,0.511539607980186,0.460119405688264,0.979841531340708
78,Case 78,validation,3,07  Validation Cases.xlsx,0.110250862147893,1.09386171046073,7.55652434868414,94.3733024079104,0.599641755031027,0.422400838720953,0.782982641112383,0.27707539028791
79,Case 79,validation,2,07  Validation Cases.xlsx,0.131607308165736,1.21496973581144,6.80836105431277,173.028962065493,0.815015511637834,0.597208374875377,0.699523714038685,0.816247483067911
80,Case 80,validation,3,07  Validation Cases.xlsx,0.0913202307199316,0.916677348144983,2.95831985432498,101.513718070009,0.408731656872723,0.166652619461203,0.270044868768017,0.326021809053107
81,Case 81,validation,4,07  Validation Cases.xlsx,0.0766125471765292,1.27546393220822,2.14695272682882,84.5152134769738,0.260408801418207,0.684525804031207,0.179535443308171,0.209499751575534
82,Case 82,validation,4,07  Validation Cases.xlsx,0.0501092562639241,1.45370362458164,9.784546444085,169.708853419599,-0.00686943961130565,0.941797288546725,1.03152241174479,0.79348866399937
83,Case 83,validation,2,07  Validation Cases.xlsx,0.0635007782219916,0.946182439649648,3.25417950987274,117.83806878872,0.128180296116345,0.209240320276285,0.303048532008616,0.437922648466302
84,Case 84,validation,3,07  Validation Cases.xlsx,0.0856728822697633,0.884133020009969,5.33592435478785,78.4115115817743,0.351779734742786,0.119678079164567,0.53527081891431,0.16765984153134
85,Case 85,validation,2,07  Validation Cases.xlsx,0.116801558478551,0.83651641387168,8.32159998372346,128.541520432142,0.665703686681335,0.0509481863687292,0.868328169436198,0.511293114719801
86,Case 86,test,-1,08 Test Cases.xlsx,0.146428724021119,1.03350708538062,6.87954751223284,57.3992126224555,0.96448532549818,0.335284867048344,0.707464688214888,0.0236238592087027
87,Case 87,test,-1,08 Test Cases.xlsx,0.0973319701732434,1.0315801466923,0.520526749473556,63.6841944639424,0.469358359869998,0.332503520366731,-0.00189522571297349,0.0667064145812088
88,Case 88,test,-1,08 Test Cases.xlsx,0.142127241838842,1.23913551235491,3.72355011647898,159.452803125095,0.921106086471227,0.632089299112969,0.355407646017547,0.72318506315211
89,Case 89,test,-1,08 Test Cases.xlsx,0.127983947264016,1.40775617745496,9.1418968270923,143.680532242805,0.778474935162999,0.875476662795118,0.959833720356105,0.615068643602413
90,Case 90,test,-1,08 Test Cases.xlsx,0.0614153467411318,1.31487289040803,6.00557573168126,135.180211798456,0.107149305669545,0.741408763400514,0.609971603956041,0.556800292879371
91,Case 91,test,-1,08 Test Cases.xlsx,0.130679952391125,0.88127180801823,0.727224545019888,125.483870967742,0.805663389251829,0.115548200758549,0.0211622757370143,0.490333411783164
92,Case 92,test,-1,08 Test Cases.xlsx,0.0803653065584277,1.37320515559353,7.90880357270018,175.520493179113,0.298254325202719,0.825605657255031,0.822280006123369,0.833326534347948
93,Case 93,test,-1,08 Test Cases.xlsx,0.0607541123691519,0.809765719575589,4.58803165786716,96.8382824182867,0.10048094284495,0.0123361873143454,0.451842077460613,0.293972437959258
94,Case 94,test,-1,08 Test Cases.xlsx,0.0736595761996317,0.975217546108381,5.67494430372021,134.341257972961,0.230628918945537,0.251149643851948,0.573089088545205,0.551049397243797
95,Case 95,test,-1,08 Test Cases.xlsx,0.0955104220709861,0.926820479954426,1.53453271075574,115.249794000061,0.450988559141198,0.181293233700959,0.111218916896832,0.420180434612064
96,Case 96,test,-1,08 Test Cases.xlsx,0.149906816817733,1.11809442426832,2.52876572974843,143.906064027833,0.999560913955547,0.457378380322949,0.222127353130788,0.616614628278549
97,Case 97,test,-1,08 Test Cases.xlsx,0.0519202246162297,1.3461753186641,5.40850245674001,153.885921811579,0.0113936673123008,0.786590743234208,0.54336703342195,0.685024973196308
98,Case 98,test,-1,08 Test Cases.xlsx,0.111791233049511,1.47911699779249,9.65465966775516,80.8218634601886,0.61517596270641,0.978478996001676,1.0170333141439,0.184182422007792
99,Case 99,test,-1,08 Test Cases.xlsx,0.0865499842321034,1.21005198319447,6.4919939776808,60.221259193701,0.360625061554118,0.590110082124752,0.664232412025089,0.0429685416176358
100,Case 100,test,-1,08 Test Cases.xlsx,0.139505701874854,1.4206736452325,3.73992126224555,73.8962981048006,0.89466859262664,0.894121758436029,0.357233876027659,0.136708768076149
