step,date,t_days,years_after_history
1,2008-04-01,3743.0,0.249144421629021
2,2008-07-01,3834.0,0.498288843258042
3,2008-10-01,3926.0,0.750171115674196
4,2009-01-01,4018.0,1.00205338809035
5,2009-04-01,4108.0,1.24845995893224
6,2009-07-01,4199.0,1.49760438056126
7,2009-10-01,4291.0,1.74948665297741
8,2010-01-01,4383.0,2.00136892539357
9,2010-04-01,4473.0,2.24777549623546
10,2010-07-01,4564.0,2.49691991786448
11,2010-10-01,4656.0,2.74880219028063
12,2011-01-01,4748.0,3.00068446269678
13,2011-04-01,4838.0,3.24709103353867
14,2011-07-01,4929.0,3.49623545516769
15,2011-10-01,5021.0,3.74811772758385
16,2012-01-01,5113.0,4.0
17,2012-04-01,5204.0,4.24914442162902
18,2012-07-01,5295.0,4.49828884325804
19,2012-10-01,5387.0,4.7501711156742
20,2013-01-01,5479.0,5.00205338809035
21,2013-04-01,5569.0,5.24845995893224
22,2013-07-01,5660.0,5.49760438056126
23,2013-10-01,5752.0,5.74948665297741
24,2014-01-01,5844.0,6.00136892539357
25,2014-04-01,5934.0,6.24777549623546
26,2014-07-01,6025.0,6.49691991786448
27,2014-10-01,6117.0,6.74880219028063
28,2015-01-01,6209.0,7.00068446269678
29,2015-04-01,6299.0,7.24709103353867
30,2015-07-01,6390.0,7.49623545516769
31,2015-10-01,6482.0,7.74811772758385
32,2016-01-01,6574.0,8.0
33,2016-04-01,6665.0,8.24914442162902
34,2016-07-01,6756.0,8.49828884325804
35,2016-10-01,6848.0,8.7501711156742
36,2017-01-01,6940.0,9.00205338809035
37,2017-04-01,7030.0,9.24845995893224
38,2017-07-01,7121.0,9.49760438056126
39,2017-10-01,7213.0,9.74948665297741
40,2018-01-01,7305.0,10.0013689253936
41,2018-04-01,7395.0,10.2477754962355
42,2018-07-01,7486.0,10.4969199178645
43,2018-10-01,7578.0,10.7488021902806
44,2019-01-01,7670.0,11.0006844626968
45,2019-04-01,7760.0,11.2470910335387
46,2019-07-01,7851.0,11.4962354551677
47,2019-10-01,7943.0,11.7481177275838
48,2020-01-01,8035.0,12.0
49,2020-04-01,8126.0,12.249144421629
50,2020-07-01,8217.0,12.498288843258
51,2020-10-01,8309.0,12.7501711156742
52,2021-01-01,8401.0,13.0020533880903
53,2021-04-01,8491.0,13.2484599589322
54,2021-07-01,8582.0,13.4976043805613
55,2021-10-01,8674.0,13.7494866529774
56,2022-01-01,8766.0,14.0013689253936
57,2022-04-01,8856.0,14.2477754962355
58,2022-07-01,8947.0,14.4969199178645
59,2022-10-01,9039.0,14.7488021902806
60,2023-01-01,9131.0,15.0006844626968
61,2023-04-01,9221.0,15.2470910335387
62,2023-07-01,9312.0,15.4962354551677
63,2023-10-01,9404.0,15.7481177275838
64,2024-01-01,9496.0,16.0
65,2024-04-01,9587.0,16.249144421629
66,2024-07-01,9678.0,16.498288843258
67,2024-10-01,9770.0,16.7501711156742
68,2025-01-01,9862.0,17.0020533880903
69,2025-04-01,9952.0,17.2484599589322
70,2025-07-01,10043.0,17.4976043805613
71,2025-10-01,10135.0,17.7494866529774
72,2026-01-01,10227.0,18.0013689253936
73,2026-04-01,10317.0,18.2477754962355
74,2026-07-01,10408.0,18.4969199178645
75,2026-10-01,10500.0,18.7488021902806
76,2027-01-01,10592.0,19.0006844626968
77,2027-04-01,10682.0,19.2470910335387
78,2027-07-01,10773.0,19.4962354551677
79,2027-10-01,10865.0,19.7481177275838
80,2028-01-01,10957.0,20.0
