case_id,total_pv,aquifer_pv_grid,reservoir_pv,mean_poro,mean_permx,mean_permx_zone,mean_tranx,mean_trany
1,4251300719.61604,3548713409.31445,702587310.301582,0.11740705779544,72.8463687495492,0.595257222449033,1.61455074427871,1.58053974587161
2,7874390685.94847,7076322793.37695,798067892.571512,0.133362502792127,73.0222379318174,1.24117952712154,1.61896449914611,1.58449570628332
3,9028872260.68885,8453861430.27148,575010830.417366,0.09608816995589,72.7630616460489,0.289291642837339,1.61245732470354,1.57866534210385
4,11231617020.3246,10346078652.5918,885538367.73285,0.147979403272433,73.1418217078327,1.68038000107069,1.62196134728575,1.58718477356218
5,6816994841.59238,6200683979.32422,616310862.26816,0.102989681845771,72.9713972517151,1.05445477614907,1.61768934262747,1.58335225777503
6,8686216463.76753,7804376668.31055,881839795.456984,0.147361347682271,72.8155800001589,0.482178059245418,1.61377725806498,1.57984704030806
7,7590815008.94529,6800129006.63867,790686002.306615,0.132128939076807,72.9609734601894,1.01617086899203,1.61742782124553,1.58311780331522
8,8982030938.0449,8315331013.16211,666699924.882795,0.11141003534113,73.122796733721,1.6105061609467,1.62148480108478,1.58675700563464
9,5238056595.10487,4669409750.30176,568646844.803116,0.095024704341845,73.1095433985667,1.56183006728957,1.62115277387107,1.58645900046366
10,8905705752.57816,8092123825.42188,813581927.15628,0.135954996516878,72.7785493065317,0.346173839161,1.61284664317798,1.57901383895371
11,13092993002.7679,12214175025.9766,878817976.79136,0.146856378478068,73.0745542889435,1.43332406052503,1.62027600724071,1.58567222053942
12,9206031295.44012,8236173242.19531,969858053.244811,0.162069789672973,72.7128824726892,0.104996436110036,1.61119553509178,1.57753615608685
13,3390286762.19023,2765836821.72461,624449940.465619,0.104349771034765,72.8192915481585,0.495809621108016,1.61387051307389,1.57993054649553
14,5983266467.37848,5260268362.36133,722998105.017153,0.12081783658786,73.1599800833913,1.74707104744201,1.62241610655298,1.58759304167329
15,7581282558.99907,7011863271.48047,569419287.518599,0.0951537822687274,72.9942787198191,1.1384925275127,1.61826332096115,1.58386689829965
16,11406963141.5135,10641440467.8145,765522673.699052,0.127923972512542,72.7372673755852,0.194555917052999,1.61180878805623,1.5780849074268
17,4803008605.94485,3859814388.87012,943194217.074738,0.157614076794078,72.8042849808925,0.440694356519512,1.61349344067091,1.57959290462766
18,4443958310.54601,3798802188.99219,645156121.55382,0.107809916208928,73.1128216516241,1.57387024819465,1.621234906047,1.58653271409656
19,5727031149.88067,4924127516.10254,802903633.778129,0.134170585938673,73.1503904976195,1.7118509636121,1.62217595440973,1.58737743302718
20,8939728969.20116,8056130722.39844,883598246.80272,0.147655192632221,72.9543953614382,0.992011202978006,1.61726277121297,1.58296984434049
21,6319378636.11994,5577800301.27441,741578334.845529,0.123922715007282,73.0282084869195,1.26310784146286,1.61911420657139,1.58462998220625
22,7296017704.4013,6602093679.38477,693924025.016536,0.115959363402855,72.826671475519,0.522914197518295,1.61405592874521,1.58009658853131
23,7616070770.62251,7086760261.61523,529310509.007272,0.0884513417551978,72.9120772170929,0.836587535383634,1.61620071096935,1.58201794800309
24,9626556327.26695,8788064854.76172,838491472.505231,0.140117552455029,72.9898779081397,1.12232947730864,1.61815293627046,1.58376791681113
25,7471254839.13053,6887787355.67773,583467483.452796,0.0975013322248252,73.1768231452658,1.80893128471292,1.62283785344343,1.58797172229681
26,4358673226.25486,3484643839.49316,874029386.761698,0.146056176396613,72.7876346631452,0.379542018888965,1.61307499853782,1.5792182676315
27,9903619999.44411,9129648992.76172,773971006.68239,0.129335746895536,72.9613157797052,1.01742812059096,1.61743641067862,1.5831255019205
28,6103124210.8776,5500706223.96777,602417986.909823,0.100668086035992,72.8452400169877,0.591111677856734,1.61452239117937,1.58051435165494
29,7835798331.49337,7190066691.25781,645731640.235563,0.10790608929243,72.8894008322253,0.753303002036673,1.61563141679226,1.58150783311886
30,10143975457.3073,9484302404.27734,659673053.029948,0.110235795565247,73.1850496175249,1.8391450029573,1.62304381739283,1.58815667288659
31,6334375903.67157,5404995515.14551,929380388.526066,0.155305696283735,73.0974897274395,1.51756003126727,1.62085076441735,1.58618796322529
32,6504790597.63464,5708929090.15137,795861507.483269,0.132993797177945,73.1232562423794,1.61219381814642,1.62149631222024,1.58676733839012
33,5653650349.50394,5111959954.04688,541690395.457063,0.0905201007918051,72.7550248332179,0.259774494926178,1.61225527622396,1.5784844973307
34,10385097962.8287,9665239553.52148,719858409.307194,0.120293170122828,73.0638544785891,1.39402640715274,1.62000783147695,1.58543160946744
35,7103405449.20574,6175916644.19531,927488805.010431,0.154989599878383,72.9878502019243,1.11488223353936,1.61810207538258,1.58372231201832
36,8460532442.88998,7873950226.02539,586582216.864593,0.0980218230758254,72.9652478312011,1.03186953512175,1.61753506468576,1.58321394407482
37,9377523317.07775,8453579150.55273,923944166.525017,0.154397272625707,72.8605488125231,0.647336949200146,1.61490690329408,1.58085876356287
38,11752302227.2343,10978977465.5977,773324761.636657,0.129227760126607,73.0781085631738,1.4463779962552,1.62036508755053,1.58575214592477
39,8074408758.7415,7436193527.41602,638215231.325482,0.106650048834182,73.1650269843665,1.76560701757219,1.62254248741367,1.5877065104108
40,9488214241.26947,8609088396.4082,879125844.86127,0.146907823194378,72.948164219234,0.969125819186927,1.61710641338291,1.58282968751256
41,4426268753.69525,3885267593.68164,541001160.013612,0.0904049270406998,72.7168700391078,0.119641742683448,1.61129582795018,1.57762589399629
42,6577692721.5176,5645691297.75098,932001423.766624,0.155743692402886,73.1786426870867,1.81561399416326,1.62288340821355,1.58801262929176
43,8397779718.26664,7701118167.19727,696661551.069379,0.116416819827837,72.9123840739878,0.837714541890451,1.61620841171351,1.58202485095152
44,4671435869.0146,3943281673.87109,728154195.143511,0.121679452996008,73.0520860786519,1.35080409889087,1.61971283818682,1.58516696169442
45,4248664260.88665,3439949971.4248,808714289.461842,0.13514158173384,72.8064329619276,0.448583338788467,1.61354741754978,1.5796412352873
46,5277636856.27137,4642786905.27246,634849950.998912,0.106087689399863,72.8323685818996,0.543838204987363,1.61419905579288,1.5802247644333
47,7615364941.39654,6798878611.38477,816486330.011774,0.136440344584919,73.1896601466537,1.8560782914517,1.62315924338939,1.58826032713984
48,4205208635.94652,3365902192.10449,839306443.842028,0.14025373821512,72.7784824926887,0.345928449088116,1.61284496468866,1.57901233537662
49,5057138097.33956,4479467401.38281,577670695.956746,0.0965326501443522,73.0846378253874,1.47035829821879,1.62052871517987,1.58589896798113
50,11992838948.8169,11112101652.6484,880737296.168425,0.147177115155736,73.0809905208068,1.45696268592231,1.62043731275112,1.58581695289268
51,5675949169.42621,4785791862.02734,890157307.398867,0.148751256938468,72.9010052768896,0.795923144720801,1.61592276415578,1.5817688831988
52,10052686388.2132,9290500334.03516,762186054.178085,0.127366404468316,72.972093717281,1.05701271516715,1.61770681630922,1.58336792231683
53,3943085074.41079,3422968067.30762,520117007.103176,0.0869150415706453,73.0293670279802,1.26736286501133,1.61914325601723,1.58465603677577
54,8480150874.2872,7897159522.375,582991351.912196,0.0974217683214787,73.1467673516565,1.698544079709,1.62208521421417,1.58729597138697
55,10445731625.2673,9783221659.40039,662509965.866944,0.110709861932409,73.1549069591555,1.72843876601553,1.62228906284767,1.58747898110819
56,8429026102.70167,7688160578.92578,740865523.775886,0.12380360222117,72.9970111171682,1.1485279206967,1.61833185415277,1.58392835069041
57,12279320488.9982,11316961278.6543,962359210.343903,0.16081668083338,72.8642701327371,0.661004401894676,1.6150003602239,1.58094248143093
58,7492837816.99358,6803459231.48828,689378585.505299,0.115199785672831,72.763416296161,0.290594181547155,1.61246623926846,1.57867332239297
59,9830910986.46591,8888442061.4375,942468925.028408,0.157492878136064,72.7435936127354,0.217790560139822,1.61196786059983,1.57822726624455
60,3925121932.53955,3218989058.83691,706132873.702641,0.11799954230528,72.9132969238142,0.841067204682667,1.61623132600203,1.58204538430366
61,7866630970.09024,7148563370.74219,718067599.348053,0.119993912923354,72.8311031306643,0.539190527845665,1.61416726516754,1.58019629449608
62,10898268205.039,10153560344.2227,744707860.816298,0.124445679109813,73.0955108534215,1.51029213560838,1.62080117834599,1.58614346430603
63,7590140240.48663,6931554893.88086,658585346.605766,0.110054031716352,73.1564109055006,1.7339623743978,1.62232672584089,1.58751279333716
64,5178058960.44599,4403630312.81152,774428647.634465,0.129412221048962,73.1352610870744,1.65628452723279,1.62179702328216,1.58703726158238
65,10940017253.5133,10102008846.6387,838008406.87461,0.140036826560626,72.8117450924119,0.468093428736629,1.6136808980943,1.57976075582334
66,5469615850.63409,4900557128.73535,569058721.898735,0.095093529664946,72.8480495071939,0.601430213290466,1.61459296344273,1.58057755874946
67,3254422820.24444,2670583676.62793,583839143.616513,0.0975634370247687,72.9515329315084,0.981498233545934,1.61719094671083,1.58290545990502
68,6757613034.77026,6229889939.44922,527723095.321045,0.0881860721773546,73.0549186999571,1.36120758890591,1.61978384545136,1.58523066152184
69,7338695833.26178,6517025677.22656,821670156.035218,0.137306597859062,72.9143465026697,0.844922038056681,1.61625767363945,1.58206899429858
70,9028433536.33586,8388138118.41797,640295417.917888,0.106997663920201,72.9897946405148,1.12202365672357,1.6181508470978,1.58376604393089
71,9859253058.07804,8903457992.91602,955795065.16202,0.159719769843799,72.7253344884676,0.150729489654109,1.61150870786636,1.57781637698873
72,14731157489.2184,13792407013.8398,938750475.378541,0.156871509385822,73.0406831219185,1.30892396959064,1.61942697475992,1.58491052668739
73,6939036257.28137,6060184072.34375,878852184.93762,0.146862092473301,72.7627398829603,0.288109889712112,1.61244923541084,1.57865810346604
74,4578437939.59069,3690742648.88477,887695290.705929,0.148339838372795,72.896582869557,0.779680779232577,1.61581173705898,1.58166939884206
75,5213163075.03361,4523915772.375,689247302.658613,0.115177846047326,73.1915125819158,1.8628818100575,1.62320561733251,1.58830197218367
76,12988349221.0513,12090365787.832,897983433.219235,0.150059059152827,72.7715435739684,0.320443584065458,1.61267054666357,1.57885619979289
77,11664954824.8596,10914777459.0,750177365.859553,0.125359673791127,72.9322571298714,0.910703168389092,1.61670722125161,1.58247188053977
78,5662066920.88288,4951978918.41504,710088002.467843,0.118660466509072,73.086191110988,1.47606311700514,1.62056764037181,1.58593389712525
79,10873139281.136,10084433154.3906,788706126.745402,0.13179808562463,73.0463997640044,1.32991972668382,1.6195702911379,1.58503908582793
80,5058905924.63939,4463838393.99414,595067530.645244,0.0994397734902977,72.8416338395762,0.57786711508203,1.6144318077891,1.5804332190565
81,5998925945.31191,5170949586.66309,827976358.648822,0.138360406092999,72.7984809645446,0.419377696218681,1.61334758667612,1.57946231514693
82,12778118505.6411,11834436600.4062,943681905.23484,0.157695579178502,73.204689328292,1.91127661281734,1.6235354659374,1.58859820684792
83,5962668273.0466,5348447305.28223,614220967.76437,0.102640443815021,72.8573692492169,0.635659230386207,1.61482704574686,1.58078723032529
84,3899500351.74717,3325559199.93164,573941151.815527,0.0959094192688646,72.9680876494152,1.04229945753357,1.61760631303679,1.58327781700571
85,5701075497.22593,5158044999.39062,543030497.835309,0.090744039097939,73.1268819559381,1.62551013216859,1.62158713706499,1.58684886049927
86,3516592026.67887,2845683652.81201,670908373.866855,0.112113293770513,73.0501858378057,1.34382500266153,1.61966520323033,1.58512422879595
87,3821045322.03395,3151387833.40918,669657488.624774,0.111904262725,72.7119788745977,0.101677752562334,1.61117280685036,1.57751582248705
88,10282426079.194,9478032569.25781,804393509.936224,0.134419558321448,72.882332903849,0.727344317705276,1.61545395210658,1.58134883309901
89,10616554364.801,9702699567.48633,913854797.314661,0.152711272149339,73.1705097578211,1.78574383529165,1.62267977478579,1.58782978011676
90,9379927628.66063,8526368668.8418,853558959.818836,0.142635427698676,73.003703315015,1.17310664336316,1.61849969719157,1.58407886181974
91,5876834947.98875,5304751172.0293,572083775.959452,0.0955990394560734,72.7229721701977,0.142053301810381,1.61144929708901,1.5777632156701
92,12453359742.3975,11561933983.1602,891425759.237297,0.148963223239246,73.1049272225582,1.54487603925732,1.6210371181979,1.58635520179033
93,4287274389.14421,3761609291.99609,525665097.148117,0.0878421662857817,72.9283106907533,0.896208911820055,1.61660817493258,1.58238310944119
94,6917676889.43494,6284607578.75977,633069310.67517,0.105790128653882,72.9861185539438,1.10852233557413,1.61805863877713,1.58368336586377
95,5725579926.6812,5123927910.81348,601652015.867724,0.100540092051426,72.7659091704003,0.299749867910958,1.6125289099043,1.57872941652987
96,8444175034.69667,7718356196.2168,725818838.479874,0.12128919923603,72.8187878339814,0.493959608399842,1.61385785636603,1.57991921258744
97,10811164378.5804,9937285227.4082,873879151.172246,0.146031068973324,72.9719477449255,1.0564765962231,1.61770315461308,1.58336464112532
98,6694719448.18726,5734540273.58984,960179174.597419,0.160452384500556,73.1977812493368,1.88590501432542,1.62336254309238,1.58844290246417
99,4281108637.94147,3495594905.19922,785513732.742252,0.131264617104636,73.0295736562246,1.26812175744553,1.61914843724166,1.58466068372842
100,5958223277.23473,5035983014.65039,922240262.584342,0.154112538489214,72.88320360509,0.730542179576522,1.61547581359816,1.5813684220597
