date,t_days,gas_cum,oil_cum,water_cum,gas_rate,oil_rate,water_rate,gas_rate_avg,oil_rate_avg,water_rate_avg,water_inj_rate
1998-01-01,0.0,0.0,0.0,0.0,0.0,0.0,0.0,,,,0.0
1998-04-01,90.0,0.0,0.0,0.0,0.0,0.0,0.0,0.0,0.0,0.0,0.0
1998-07-01,181.0,0.0,0.0,0.0,0.0,0.0,0.0,0.0,0.0,0.0,0.0
1998-10-01,273.0,0.0,0.0,0.0,5633.97,15507.77,0.0,0.0,0.0,0.0,14748.87
1999-01-01,365.0,518325.24,1426714.87589506,0.0,5549.46,15275.16,0.0,5633.97,15507.7703901637,0.0,12098.46
1999-04-01,455.0,1017776.64,2801479.31048309,0.0,5609.43,15440.21,0.0590949,5549.46,15275.1603843114,0.0,11879.91
1999-07-01,546.0,1528234.77,4206538.45583332,5.37763603529724,5587.3,15379.31,10.84121,5609.43,15440.2103884641,0.0590949014867829,11861.21
1999-10-01,638.0,2042266.37,5621435.01143104,1002.76898112891,5565.39,15319.0,98.58013,5587.3,15379.3103869317,10.8412102727567,11859.97
2000-01-01,730.0,2554282.25,7030783.04688917,10072.1411693074,5608.9,15438.76,163.06756,5565.39,15319.0003854145,98.580132480201,11864.04
2000-04-01,821.0,3064692.15,8435710.24223607,24911.2895026491,5546.56,15267.18,356.18,5608.9,15438.7603884275,163.067564102656,11868.46
2000-07-01,912.0,3569429.11,9825023.65719014,57323.6703181201,5509.55,15165.3,684.0989,5546.56,15267.1803841107,356.18000896122,11873.82
2000-10-01,1004.0,4076307.71,11220231.2922925,120260.77070157,5526.21,15211.15,1051.2253,5509.55,15165.3003815474,684.098917211412,11869.05
2001-01-01,1096.0,4584719.03,12619657.127501,216973.500734789,5564.17,15315.64,1469.9109,5526.21,15211.1503827011,1051.22532644803,11871.59
2001-04-01,1186.0,5085494.33,13998064.7621807,349265.485063155,5519.09,15191.54,1865.9419,5564.17,15315.64038533,1469.91093698184,11872.58
2001-07-01,1277.0,5587731.52,15380494.9369616,519066.202235212,5441.05,14976.73,2174.9729,5519.08999999999,15191.5403822077,1865.94194694568,11867.89
2001-10-01,1369.0,6088308.12,16758354.1316275,719163.714069513,5385.55,14823.96,2465.3939,5441.05000000001,14976.7303768033,2174.97295472066,11857.09
2002-01-01,1461.0,6583778.72,18122158.4859398,945979.958576038,5316.7,14634.49,2721.8196,5385.55,14823.9603729598,2465.39396202745,11849.85
2002-04-01,1551.0,7062281.72,19439262.6190771,1190943.72873914,5242.08,14429.07,2968.7546,5316.7,14634.4903681922,2721.81966847891,11848.49
2002-07-01,1642.0,7539311.0,20752308.0221123,1461100.40413608,5180.99,14260.91,3224.882,5242.08,14429.0703630241,2968.75467469165,11844.14
2002-10-01,1734.0,8015962.08,22064311.7751213,1757789.55560055,5050.19,13900.91,3504.183,5180.99,14260.9103587935,3224.88208113554,11838.61
2003-01-01,1826.0,8480579.56,23343195.5272971,2080174.39971151,4768.93,13126.72,3776.098,5050.19000000001,13900.9103497369,3504.18308816261,11834.77
2003-04-01,1916.0,8909783.26,24524600.3570203,2420023.22826185,4427.069,12185.73,4008.738,4768.92999999999,13126.7203302578,3776.09809500378,11836.96
2003-07-01,2007.0,9312646.539,25633501.8149195,2784818.39543982,4126.136,11357.37,4281.189,4427.06900000001,12185.7303065846,4008.73810085681,11834.02
2003-10-01,2099.0,9692251.051,26678379.8812078,3178687.79334927,3917.474,10783.02,4574.506,4126.136,11357.3702857424,4281.18910771141,11814.6
2004-01-01,2191.0,10052658.659,27670417.7461667,3599542.35593766,3740.481,10295.87,4816.03,3917.47399999999,10783.0202712924,4574.5061150912,11733.2
2004-04-01,2282.0,10393042.43,28607341.939739,4037801.09696391,3574.878,9840.0,5023.206,3740.481,10295.8702590363,4816.03012116758,11571.47
2004-07-01,2373.0,10718356.328,29502781.9622676,4494912.8544645,3415.894,9402.39,5205.752,3574.878,9840.00024756703,5023.20612638011,11388.0
2004-10-01,2465.0,11032618.576,30367801.8640309,4973842.05051399,3262.974,8981.46,5385.44608465,3415.894,9402.39023655762,5205.75213097272,11166.87
2005-01-01,2557.0,11332812.184,31194096.2048198,5469303.10276722,3109.519,8559.09,5535.4369856,3262.97400000001,8981.46022596627,5385.4462201438,10934.56
2005-04-01,2647.0,11612668.894,31964414.3242004,5967492.44400528,2929.798,8064.58,5681.6088,3109.51899999999,8559.09021534001,5535.43712486733,10697.05
2005-07-01,2738.0,11879280.512,32698291.1226642,6484518.85781328,2725.164,7506.69,5940.548,2929.79800000001,8064.58020289889,5681.60894294506,10454.04
2005-10-01,2830.0,12129995.6,33388906.6200396,7031049.28756357,2560.041,7051.98,6195.6,2725.16399999999,7506.69018886307,5940.54814945967,10149.9
2006-01-01,2922.0,12365519.372,34037688.7963624,7601044.50190421,2435.81,6707.81,6431.715,2560.041,7051.98017742173,6195.60015587652,9880.21
2006-04-01,3012.0,12584742.272,34641391.7115511,8179898.86646775,2351.189,6466.37,6651.175,2435.81,6707.81016876333,6431.71516181711,9654.15
2006-07-01,3103.0,12798700.471,35229831.3963558,8785155.80669556,2273.01,6255.39,6867.314,2351.18900000001,6466.37016268901,6651.17516733857,9512.98
2006-10-01,3195.0,13007817.391,35805327.2908349,9416948.71059099,2191.335,6031.593,7072.296,2273.01,6255.39015738156,6867.31417277642,9435.43
2007-01-01,3287.0,13209420.211,36360233.8607959,10067599.9589609,2113.996,5818.849,7257.183,2191.33499999998,6031.59315174996,7072.2961779338,9392.52
2007-04-01,3377.0,13399679.851,36883930.2839717,10720746.4453935,2043.347,5624.407,7440.391,2113.99600000001,5818.84914639774,7257.18318258445,9365.98
2007-07-01,3468.0,13585624.428,37395751.3338487,11397822.0434283,1973.905,5433.262,7615.672,2043.347,5624.40714150553,7440.39118719559,9348.63
2007-10-01,3560.0,13767223.688,37895611.4504248,12098463.8850559,1905.583,5246.799,7782.265,1973.905,5433.26213669672,7615.67219160434,9336.73
2008-01-01,3652.0,13942537.324,38378316.9705693,12814432.2830691,1838.962,5066.679,7926.362,1905.583,5246.79913200543,7782.26519579566,9326.61
